,from,to,num
1,Anhui,Shaanxi,41692
2,Anhui,Beijing,430096
3,Anhui,Shanghai,2602273
4,Anhui,Inner Mongolia,37106
5,Anhui,Qinghai,12690
6,Anhui,Ningxia,17918
7,Anhui,Guizhou,19193
8,Anhui,Guangdong,445369
10,Anhui,Tibet,2536
11,Anhui,Fujian,250267
12,Anhui,Jilin,19642
13,Anhui,Hunan,25489
15,Anhui,Henan,61209
17,Anhui,Xinjiang,81166
18,Anhui,Hebei,62742
21,Anhui,Hainan,19990
22,Anhui,Hubei,60119
23,Anhui,Shandong,130067
24,Anhui,Yunnan,23297
25,Anhui,Heilongjiang,23337
26,Anhui,Guangxi,28763
28,Anhui,Liaoning,75000
29,Anhui,Jiangsu,2574625
36,Anhui,Sichuan,27330
37,Anhui,Jiangxi,51294
39,Anhui,Chongqing,14401
45,Anhui,Zhejiang,2285198
48,Anhui,Gansu,15264
51,Anhui,Shanxi,45524
56,Anhui,Tianjin,138998
61,Beijing,Jiangxi,3194
62,Beijing,Shaanxi,6526
63,Beijing,Yunnan,2243
65,Beijing,Sichuan,8886
66,Beijing,Ningxia,1022
67,Beijing,Zhejiang,8054
68,Beijing,Guangxi,2815
69,Beijing,Hubei,6544
70,Beijing,Hainan,2742
71,Beijing,Hunan,4796
72,Beijing,Gansu,3035
74,Beijing,Chongqing,3844
76,Beijing,Shandong,13104
77,Beijing,Liaoning,8928
78,Beijing,Anhui,4372
79,Beijing,Inner Mongolia,6662
80,Beijing,Qinghai,781
83,Beijing,Heilongjiang,7961
84,Beijing,Henan,6863
85,Beijing,Guizhou,1277
88,Beijing,Fujian,3936
90,Beijing,Jiangsu,14117
91,Beijing,Tianjin,22731
94,Beijing,Xinjiang,2263
97,Beijing,Tibet,229
100,Beijing,Jilin,4132
104,Beijing,Shanghai,22843
105,Beijing,Hebei,74697
108,Beijing,Shanxi,6850
114,Beijing,Guangdong,18918
121,Chongqing,Hunan,23295
122,Chongqing,Sichuan,299452
123,Chongqing,Guizhou,109301
124,Chongqing,Shanxi,20767
125,Chongqing,Shandong,24030
126,Chongqing,Fujian,409644
127,Chongqing,Qinghai,8402
128,Chongqing,Jilin,3616
129,Chongqing,Anhui,16174
130,Chongqing,Hainan,24465
132,Chongqing,Henan,14346
135,Chongqing,Hubei,111695
136,Chongqing,Liaoning,21540
137,Chongqing,Hebei,23944
138,Chongqing,Gansu,8569
139,Chongqing,Yunnan,152813
140,Chongqing,Shaanxi,25001
141,Chongqing,Tibet,11482
142,Chongqing,Shanghai,227653
145,Chongqing,Beijing,85654
146,Chongqing,Guangdong,933918
147,Chongqing,Jiangxi,13788
149,Chongqing,Inner Mongolia,15202
151,Chongqing,Jiangsu,178765
158,Chongqing,Guangxi,21158
160,Chongqing,Ningxia,6928
163,Chongqing,Heilongjiang,5092
167,Chongqing,Xinjiang,90138
169,Chongqing,Zhejiang,592942
171,Chongqing,Tianjin,27125
181,Fujian,Guangxi,43916
182,Fujian,Yunnan,41359
183,Fujian,Jiangsu,138615
184,Fujian,Shaanxi,25932
185,Fujian,Hubei,37293
187,Fujian,Tianjin,29491
188,Fujian,Chongqing,21182
189,Fujian,Sichuan,33877
190,Fujian,Jilin,7098
192,Fujian,Hunan,32685
193,Fujian,Hainan,18815
194,Fujian,Shanghai,263790
197,Fujian,Inner Mongolia,15357
198,Fujian,Hebei,20034
199,Fujian,Anhui,28855
200,Fujian,Liaoning,19760
201,Fujian,Beijing,95900
202,Fujian,Jiangxi,44554
203,Fujian,Shandong,37201
204,Fujian,Henan,20286
205,Fujian,Ningxia,4383
206,Fujian,Zhejiang,163702
208,Fujian,Heilongjiang,7560
209,Fujian,Tibet,1094
211,Fujian,Qinghai,5527
216,Fujian,Shanxi,21604
217,Fujian,Guizhou,28542
219,Fujian,Guangdong,434276
224,Fujian,Xinjiang,14946
227,Fujian,Gansu,9620
240,Gansu,Shaanxi,102522
241,Gansu,Sichuan,32963
242,Gansu,Hainan,4719
243,Gansu,Hubei,12767
244,Gansu,Heilongjiang,3958
245,Gansu,Hunan,8967
247,Gansu,Anhui,6422
248,Gansu,Tibet,19671
249,Gansu,Liaoning,8505
250,Gansu,Jilin,2636
251,Gansu,Shanghai,94798
252,Gansu,Yunnan,5813
253,Gansu,Jiangxi,9461
254,Gansu,Shandong,41470
256,Gansu,Xinjiang,344457
257,Gansu,Inner Mongolia,141901
258,Gansu,Guangdong,124987
261,Gansu,Chongqing,9146
263,Gansu,Henan,12010
264,Gansu,Jiangsu,101709
266,Gansu,Shanxi,11219
267,Gansu,Guangxi,4151
270,Gansu,Fujian,18055
271,Gansu,Qinghai,73076
277,Gansu,Tianjin,64184
279,Gansu,Ningxia,105125
280,Gansu,Zhejiang,62147
283,Gansu,Guizhou,3059
288,Gansu,Beijing,143265
292,Gansu,Hebei,20102
301,Guangdong,Yunnan,25473
302,Guangdong,Liaoning,10760
303,Guangdong,Qinghai,1800
304,Guangdong,Guizhou,17906
305,Guangdong,Inner Mongolia,5098
306,Guangdong,Xinjiang,11933
307,Guangdong,Hubei,40400
308,Guangdong,Tibet,414
309,Guangdong,Hunan,67350
310,Guangdong,Fujian,51299
315,Guangdong,Guangxi,124397
316,Guangdong,Sichuan,36625
317,Guangdong,Ningxia,1504
318,Guangdong,Chongqing,19392
320,Guangdong,Anhui,12738
321,Guangdong,Tianjin,19261
322,Guangdong,Gansu,6042
324,Guangdong,Heilongjiang,4738
326,Guangdong,Beijing,70783
327,Guangdong,Shanxi,5888
328,Guangdong,Jiangxi,36268
329,Guangdong,Jilin,3663
330,Guangdong,Henan,16888
331,Guangdong,Shandong,16152
335,Guangdong,Jiangsu,44584
340,Guangdong,Hainan,79765
341,Guangdong,Shanghai,79348
342,Guangdong,Shaanxi,14439
352,Guangdong,Zhejiang,46522
360,Guangdong,Hebei,9170
361,Guangxi,Anhui,8074
362,Guangxi,Hubei,20337
363,Guangxi,Liaoning,3951
364,Guangxi,Tibet,300
365,Guangxi,Hunan,34116
366,Guangxi,Tianjin,8927
367,Guangxi,Qinghai,1089
368,Guangxi,Beijing,31196
369,Guangxi,Chongqing,10594
370,Guangxi,Guangdong,3555330
371,Guangxi,Shanxi,3990
372,Guangxi,Hebei,8678
373,Guangxi,Guizhou,26158
376,Guangxi,Shanghai,49241
378,Guangxi,Gansu,1961
379,Guangxi,Heilongjiang,2328
381,Guangxi,Xinjiang,4132
382,Guangxi,Jiangsu,45570
383,Guangxi,Sichuan,17960
384,Guangxi,Jiangxi,19775
385,Guangxi,Shandong,8783
386,Guangxi,Shaanxi,6420
389,Guangxi,Yunnan,34134
390,Guangxi,Inner Mongolia,3216
391,Guangxi,Hainan,59289
392,Guangxi,Henan,7194
395,Guangxi,Ningxia,997
396,Guangxi,Fujian,69962
404,Guangxi,Zhejiang,139125
412,Guangxi,Jilin,1739
421,Guizhou,Beijing,38914
422,Guizhou,Henan,11227
423,Guizhou,Xinjiang,10056
424,Guizhou,Hainan,18099
425,Guizhou,Jiangsu,275505
426,Guizhou,Hunan,45652
427,Guizhou,Liaoning,8125
429,Guizhou,Shaanxi,10584
430,Guizhou,Tianjin,17276
431,Guizhou,Qinghai,3225
432,Guizhou,Shanghai,148084
433,Guizhou,Shanxi,11754
434,Guizhou,Guangdong,957774
435,Guizhou,Zhejiang,1499220
436,Guizhou,Tibet,1080
437,Guizhou,Yunnan,187405
438,Guizhou,Heilongjiang,3268
439,Guizhou,Chongqing,71950
441,Guizhou,Shandong,24392
443,Guizhou,Fujian,472000
445,Guizhou,Sichuan,57629
446,Guizhou,Guangxi,50964
450,Guizhou,Jilin,2194
452,Guizhou,Inner Mongolia,9525
455,Guizhou,Ningxia,1684
460,Guizhou,Anhui,32875
463,Guizhou,Hubei,23283
469,Guizhou,Jiangxi,33869
472,Guizhou,Hebei,17858
478,Guizhou,Gansu,3125
481,Hainan,Fujian,9030
482,Hainan,Jiangsu,5845
483,Hainan,Anhui,2270
484,Hainan,Shanxi,1659
485,Hainan,Jiangxi,6543
486,Hainan,Hubei,8120
487,Hainan,Xinjiang,828
488,Hainan,Gansu,902
490,Hainan,Yunnan,2623
491,Hainan,Shandong,3335
494,Hainan,Ningxia,284
495,Hainan,Guangdong,163638
496,Hainan,Sichuan,4772
497,Hainan,Guizhou,1673
498,Hainan,Qinghai,213
499,Hainan,Hunan,8261
500,Hainan,Shanghai,9451
501,Hainan,Liaoning,1708
502,Hainan,Jilin,1645
503,Hainan,Guangxi,11538
505,Hainan,Chongqing,3698
507,Hainan,Shaanxi,2341
513,Hainan,Heilongjiang,1720
514,Hainan,Zhejiang,5751
516,Hainan,Hebei,2895
517,Hainan,Beijing,8293
518,Hainan,Tibet,71
522,Hainan,Tianjin,2615
524,Hainan,Inner Mongolia,884
528,Hainan,Henan,3145
540,Hebei,Ningxia,12137
541,Hebei,Jiangxi,14568
542,Hebei,Zhejiang,42158
543,Hebei,Jilin,20428
544,Hebei,Shandong,142422
545,Hebei,Tibet,1337
546,Hebei,Hubei,26003
547,Hebei,Shanghai,67497
549,Hebei,Hainan,7297
550,Hebei,Hunan,16206
552,Hebei,Yunnan,12295
555,Hebei,Guizhou,8514
556,Hebei,Anhui,21318
557,Hebei,Fujian,16751
558,Hebei,Inner Mongolia,183926
561,Hebei,Chongqing,13090
562,Hebei,Heilongjiang,27082
563,Hebei,Guangdong,85828
566,Hebei,Sichuan,29229
567,Hebei,Qinghai,10611
569,Hebei,Xinjiang,28368
571,Hebei,Tianjin,754466
575,Hebei,Shaanxi,39377
577,Hebei,Liaoning,69162
578,Hebei,Guangxi,13875
579,Hebei,Jiangsu,83969
580,Hebei,Shanxi,138172
583,Hebei,Beijing,1559016
585,Hebei,Henan,38663
594,Hebei,Gansu,14488
601,Heilongjiang,Hainan,18972
602,Heilongjiang,Guangxi,12165
603,Heilongjiang,Guizhou,3674
604,Heilongjiang,Zhejiang,55310
605,Heilongjiang,Guangdong,108799
606,Heilongjiang,Shaanxi,11542
607,Heilongjiang,Beijing,403287
608,Heilongjiang,Shandong,408047
609,Heilongjiang,Tianjin,194113
610,Heilongjiang,Jiangxi,5275
612,Heilongjiang,Henan,14519
613,Heilongjiang,Shanghai,98574
614,Heilongjiang,Qinghai,2151
615,Heilongjiang,Jiangsu,69214
617,Heilongjiang,Hubei,9540
618,Heilongjiang,Yunnan,8418
619,Heilongjiang,Xinjiang,10887
622,Heilongjiang,Jilin,130578
623,Heilongjiang,Ningxia,4525
625,Heilongjiang,Shanxi,16195
626,Heilongjiang,Liaoning,569555
629,Heilongjiang,Chongqing,5090
631,Heilongjiang,Hebei,196431
632,Heilongjiang,Fujian,20135
634,Heilongjiang,Tibet,426
638,Heilongjiang,Gansu,4079
640,Heilongjiang,Anhui,9464
642,Heilongjiang,Hunan,7242
653,Heilongjiang,Inner Mongolia,142986
655,Heilongjiang,Sichuan,12455
661,Henan,Hubei,189654
662,Henan,Beijing,979741
663,Henan,Tibet,8640
664,Henan,Ningxia,49339
665,Henan,Hebei,181149
666,Henan,Shanxi,197438
667,Henan,Jiangsu,1016424
668,Henan,Xinjiang,386615
669,Henan,Yunnan,41947
670,Henan,Fujian,277933
671,Henan,Shandong,284866
672,Henan,Hunan,45912
673,Henan,Hainan,36557
676,Henan,Qinghai,44426
677,Henan,Guangdong,1762133
678,Henan,Inner Mongolia,103645
679,Henan,Chongqing,25532
680,Henan,Anhui,96612
682,Henan,Jilin,25648
683,Henan,Guangxi,40119
685,Henan,Tianjin,331307
687,Henan,Gansu,57449
692,Henan,Zhejiang,1224230
693,Henan,Shaanxi,160447
697,Henan,Guizhou,28186
699,Henan,Sichuan,59436
705,Henan,Shanghai,782553
709,Henan,Liaoning,122054
713,Henan,Heilongjiang,25240
715,Henan,Jiangxi,40997
721,Hubei,Shanghai,407747
722,Hubei,Anhui,48051
723,Hubei,Ningxia,9032
724,Hubei,Qinghai,18364
725,Hubei,Heilongjiang,16974
726,Hubei,Guangxi,49900
727,Hubei,Gansu,25911
728,Hubei,Inner Mongolia,35317
729,Hubei,Yunnan,56778
730,Hubei,Hunan,130046
731,Hubei,Tibet,4792
732,Hubei,Hainan,43816
733,Hubei,Zhejiang,898618
734,Hubei,Shanxi,48174
735,Hubei,Xinjiang,53262
737,Hubei,Jiangsu,400715
738,Hubei,Guizhou,41021
739,Hubei,Guangdong,2335227
741,Hubei,Beijing,334516
742,Hubei,Fujian,340054
743,Hubei,Hebei,62297
749,Hubei,Sichuan,70239
750,Hubei,Tianjin,108382
753,Hubei,Henan,60084
754,Hubei,Shaanxi,64274
755,Hubei,Jiangxi,52502
756,Hubei,Jilin,14764
763,Hubei,Chongqing,45346
764,Hubei,Liaoning,35281
772,Hubei,Shandong,78308
781,Hunan,Ningxia,4576
782,Hunan,Beijing,152153
783,Hunan,Shaanxi,25548
784,Hunan,Chongqing,28995
786,Hunan,Xinjiang,31574
787,Hunan,Inner Mongolia,15542
789,Hunan,Yunnan,132577
791,Hunan,Shanghai,228544
793,Hunan,Zhejiang,749699
794,Hunan,Henan,24661
795,Hunan,Shanxi,17815
797,Hunan,Gansu,12083
798,Hunan,Sichuan,50099
799,Hunan,Hubei,98208
801,Hunan,Jilin,5888
802,Hunan,Fujian,234580
804,Hunan,Tianjin,34127
806,Hunan,Shandong,32499
807,Hunan,Qinghai,8041
809,Hunan,Guangxi,204022
812,Hunan,Guangdong,4602147
814,Hunan,Jiangxi,68386
815,Hunan,Tibet,4034
816,Hunan,Liaoning,16744
818,Hunan,Anhui,32399
819,Hunan,Jiangsu,203041
820,Hunan,Heilongjiang,7388
824,Hunan,Guizhou,114524
827,Hunan,Hainan,63997
838,Hunan,Hebei,25005
841,Inner Mongolia,Anhui,4746
842,Inner Mongolia,Guizhou,1345
843,Inner Mongolia,Guangxi,4509
844,Inner Mongolia,Henan,7851
845,Inner Mongolia,Zhejiang,14437
846,Inner Mongolia,Beijing,236088
848,Inner Mongolia,Liaoning,179980
849,Inner Mongolia,Shandong,78671
850,Inner Mongolia,Jiangxi,8857
851,Inner Mongolia,Tianjin,85171
853,Inner Mongolia,Chongqing,6129
854,Inner Mongolia,Jiangsu,20694
855,Inner Mongolia,Xinjiang,5748
856,Inner Mongolia,Fujian,5407
857,Inner Mongolia,Yunnan,2995
858,Inner Mongolia,Sichuan,8008
859,Inner Mongolia,Hainan,5631
860,Inner Mongolia,Shaanxi,35671
862,Inner Mongolia,Hebei,102610
865,Inner Mongolia,Shanghai,23737
870,Inner Mongolia,Guangdong,25215
871,Inner Mongolia,Ningxia,14543
872,Inner Mongolia,Tibet,223
874,Inner Mongolia,Hubei,10623
875,Inner Mongolia,Gansu,5724
876,Inner Mongolia,Jilin,34743
878,Inner Mongolia,Heilongjiang,52542
880,Inner Mongolia,Hunan,4815
881,Inner Mongolia,Shanxi,78775
882,Inner Mongolia,Qinghai,2068
901,Jiangsu,Liaoning,44140
902,Jiangsu,Gansu,18796
903,Jiangsu,Inner Mongolia,33276
904,Jiangsu,Heilongjiang,19040
905,Jiangsu,Henan,31668
906,Jiangsu,Sichuan,30802
907,Jiangsu,Zhejiang,341618
908,Jiangsu,Shanxi,35076
910,Jiangsu,Tianjin,72313
912,Jiangsu,Hebei,36932
913,Jiangsu,Hunan,18018
914,Jiangsu,Ningxia,9457
915,Jiangsu,Qinghai,13031
916,Jiangsu,Xinjiang,51873
917,Jiangsu,Anhui,114421
918,Jiangsu,Fujian,41172
919,Jiangsu,Shaanxi,33569
922,Jiangsu,Shanghai,1503522
926,Jiangsu,Chongqing,16061
928,Jiangsu,Yunnan,16008
929,Jiangsu,Tibet,1348
931,Jiangsu,Shandong,138354
932,Jiangsu,Hubei,37838
934,Jiangsu,Beijing,194997
936,Jiangsu,Hainan,9579
937,Jiangsu,Guangdong,126289
942,Jiangsu,Guangxi,14298
943,Jiangsu,Jilin,14266
953,Jiangsu,Jiangxi,25673
957,Jiangsu,Guizhou,15445
961,Jiangxi,Hubei,57905
962,Jiangxi,Fujian,948654
964,Jiangxi,Chongqing,15784
965,Jiangxi,Hainan,29470
966,Jiangxi,Ningxia,3399
967,Jiangxi,Jiangsu,264814
968,Jiangxi,Shandong,31113
969,Jiangxi,Tibet,1043
972,Jiangxi,Yunnan,36306
974,Jiangxi,Qinghai,3564
976,Jiangxi,Heilongjiang,7041
977,Jiangxi,Anhui,39952
978,Jiangxi,Shanghai,487192
979,Jiangxi,Beijing,141197
980,Jiangxi,Zhejiang,1529896
981,Jiangxi,Inner Mongolia,14863
983,Jiangxi,Guangdong,1871182
984,Jiangxi,Shaanxi,17769
985,Jiangxi,Hebei,20274
986,Jiangxi,Jilin,5034
987,Jiangxi,Shanxi,11886
988,Jiangxi,Tianjin,33762
989,Jiangxi,Henan,19261
990,Jiangxi,Sichuan,32048
993,Jiangxi,Guizhou,22008
996,Jiangxi,Hunan,71968
999,Jiangxi,Liaoning,13284
1002,Jiangxi,Guangxi,39719
1005,Jiangxi,Xinjiang,9863
1012,Jiangxi,Gansu,7144
1021,Jilin,Xinjiang,6074
1023,Jilin,Inner Mongolia,63894
1024,Jilin,Tianjin,101541
1025,Jilin,Tibet,328
1026,Jilin,Shandong,186138
1027,Jilin,Chongqing,3814
1028,Jilin,Liaoning,300028
1029,Jilin,Heilongjiang,120545
1030,Jilin,Hubei,6408
1031,Jilin,Guizhou,3536
1032,Jilin,Hainan,8635
1033,Jilin,Henan,8437
1034,Jilin,Ningxia,2398
1035,Jilin,Qinghai,1841
1037,Jilin,Shanghai,58851
1038,Jilin,Guangxi,9081
1039,Jilin,Yunnan,6211
1042,Jilin,Hebei,59564
1043,Jilin,Jiangsu,40200
1044,Jilin,Fujian,12063
1045,Jilin,Beijing,213990
1047,Jilin,Shanxi,11308
1050,Jilin,Shaanxi,8166
1052,Jilin,Gansu,3607
1053,Jilin,Zhejiang,32412
1054,Jilin,Guangdong,74451
1056,Jilin,Sichuan,10104
1058,Jilin,Anhui,7269
1062,Jilin,Hunan,6980
1070,Jilin,Jiangxi,4979
1081,Liaoning,Tianjin,81930
1082,Liaoning,Jilin,63868
1083,Liaoning,Zhejiang,28236
1084,Liaoning,Shaanxi,12218
1087,Liaoning,Sichuan,12801
1088,Liaoning,Ningxia,3340
1089,Liaoning,Jiangxi,6823
1090,Liaoning,Shandong,78808
1091,Liaoning,Guangdong,66438
1092,Liaoning,Hunan,7434
1094,Liaoning,Anhui,7484
1095,Liaoning,Qinghai,2074
1096,Liaoning,Henan,8996
1097,Liaoning,Shanxi,13464
1098,Liaoning,Tibet,471
1099,Liaoning,Hubei,8872
1100,Liaoning,Heilongjiang,57616
1102,Liaoning,Xinjiang,7995
1103,Liaoning,Guizhou,3234
1104,Liaoning,Gansu,5884
1105,Liaoning,Inner Mongolia,73364
1106,Liaoning,Jiangsu,36558
1108,Liaoning,Beijing,247843
1113,Liaoning,Guangxi,8205
1114,Liaoning,Hainan,7623
1116,Liaoning,Yunnan,6811
1122,Liaoning,Shanghai,62868
1123,Liaoning,Hebei,75003
1131,Liaoning,Fujian,12624
1133,Liaoning,Chongqing,5143
1141,Ningxia,Sichuan,3452
1142,Ningxia,Shanxi,1299
1143,Ningxia,Qinghai,2135
1144,Ningxia,Yunnan,1202
1145,Ningxia,Hainan,651
1146,Ningxia,Fujian,4408
1147,Ningxia,Shaanxi,23504
1148,Ningxia,Beijing,17833
1149,Ningxia,Tianjin,6467
1150,Ningxia,Henan,2441
1152,Ningxia,Heilongjiang,752
1153,Ningxia,Chongqing,2210
1154,Ningxia,Guangxi,867
1156,Ningxia,Anhui,925
1157,Ningxia,Guangdong,9343
1158,Ningxia,Liaoning,1680
1159,Ningxia,Guizhou,309
1160,Ningxia,Hunan,1643
1161,Ningxia,Jiangxi,2442
1162,Ningxia,Inner Mongolia,43225
1164,Ningxia,Shandong,7444
1165,Ningxia,Tibet,240
1166,Ningxia,Hebei,3555
1171,Ningxia,Jiangsu,6988
1173,Ningxia,Xinjiang,50265
1175,Ningxia,Gansu,11409
1178,Ningxia,Hubei,2664
1182,Ningxia,Zhejiang,5822
1183,Ningxia,Jilin,726
1185,Ningxia,Shanghai,9893
1201,Qinghai,Hainan,1185
1202,Qinghai,Sichuan,17057
1203,Qinghai,Shandong,12614
1204,Qinghai,Heilongjiang,862
1205,Qinghai,Yunnan,3322
1206,Qinghai,Xinjiang,18197
1207,Qinghai,Shanghai,11264
1208,Qinghai,Jiangxi,2375
1209,Qinghai,Inner Mongolia,4867
1210,Qinghai,Beijing,11361
1211,Qinghai,Henan,7212
1212,Qinghai,Chongqing,2684
1213,Qinghai,Liaoning,2934
1214,Qinghai,Anhui,2873
1215,Qinghai,Tianjin,7451
1218,Qinghai,Hunan,3180
1220,Qinghai,Hubei,4695
1222,Qinghai,Shaanxi,11520
1223,Qinghai,Ningxia,1521
1225,Qinghai,Fujian,2540
1230,Qinghai,Guangxi,1467
1232,Qinghai,Hebei,5047
1233,Qinghai,Jilin,1234
1238,Qinghai,Jiangsu,13807
1239,Qinghai,Tibet,8160
1242,Qinghai,Gansu,57954
1243,Qinghai,Guizhou,1446
1244,Qinghai,Zhejiang,8190
1246,Qinghai,Guangdong,13087
1248,Qinghai,Shanxi,1980
1261,Shaanxi,Shanghai,126155
1262,Shaanxi,Hunan,15042
1263,Shaanxi,Henan,29910
1264,Shaanxi,Anhui,15787
1267,Shaanxi,Hainan,7782
1268,Shaanxi,Xinjiang,102068
1269,Shaanxi,Hebei,44276
1270,Shaanxi,Heilongjiang,5017
1271,Shaanxi,Shanxi,56292
1272,Shaanxi,Ningxia,55455
1273,Shaanxi,Zhejiang,168197
1274,Shaanxi,Yunnan,14435
1276,Shaanxi,Liaoning,15177
1277,Shaanxi,Inner Mongolia,141982
1280,Shaanxi,Guizhou,9779
1281,Shaanxi,Jiangsu,206894
1282,Shaanxi,Fujian,56319
1283,Shaanxi,Sichuan,34276
1286,Shaanxi,Tianjin,63614
1287,Shaanxi,Chongqing,12800
1288,Shaanxi,Shandong,48494
1292,Shaanxi,Beijing,164559
1294,Shaanxi,Hubei,27273
1295,Shaanxi,Tibet,4845
1298,Shaanxi,Guangdong,439222
1301,Shaanxi,Gansu,47579
1302,Shaanxi,Guangxi,9414
1303,Shaanxi,Jiangxi,10439
1307,Shaanxi,Qinghai,23066
1309,Shaanxi,Jilin,4450
1321,Shandong,Guangdong,156021
1322,Shandong,Tianjin,505129
1323,Shandong,Shanxi,46963
1324,Shandong,Gansu,14945
1325,Shandong,Qinghai,11267
1326,Shandong,Shaanxi,41436
1327,Shandong,Chongqing,14722
1328,Shandong,Guizhou,13481
1329,Shandong,Hubei,30327
1330,Shandong,Yunnan,14933
1332,Shandong,Zhejiang,185417
1334,Shandong,Sichuan,30371
1335,Shandong,Shanghai,378404
1336,Shandong,Heilongjiang,62131
1337,Shandong,Hainan,8954
1340,Shandong,Jilin,44538
1342,Shandong,Inner Mongolia,68290
1343,Shandong,Hebei,89303
1344,Shandong,Liaoning,119513
1347,Shandong,Guangxi,15506
1348,Shandong,Fujian,42937
1349,Shandong,Tibet,1428
1350,Shandong,Jiangsu,410813
1351,Shandong,Henan,49067
1353,Shandong,Beijing,597737
1354,Shandong,Hunan,18024
1359,Shandong,Anhui,34391
1362,Shandong,Ningxia,14868
1366,Shandong,Jiangxi,18685
1372,Shandong,Xinjiang,56116
1381,Shanghai,Shandong,5700
1382,Shanghai,Guangdong,14206
1383,Shanghai,Qinghai,382
1384,Shanghai,Henan,3670
1385,Shanghai,Tianjin,5214
1386,Shanghai,Hainan,1564
1387,Shanghai,Jilin,1589
1388,Shanghai,Jiangxi,8354
1389,Shanghai,Shanxi,1189
1391,Shanghai,Hubei,5253
1392,Shanghai,Inner Mongolia,851
1394,Shanghai,Zhejiang,38525
1396,Shanghai,Hunan,3040
1398,Shanghai,Heilongjiang,2508
1399,Shanghai,Fujian,4863
1400,Shanghai,Yunnan,2832
1401,Shanghai,Hebei,2339
1402,Shanghai,Ningxia,482
1403,Shanghai,Tibet,78
1404,Shanghai,Jiangsu,82612
1405,Shanghai,Shaanxi,2792
1406,Shanghai,Sichuan,6340
1407,Shanghai,Chongqing,3028
1408,Shanghai,Anhui,20773
1409,Shanghai,Gansu,1606
1411,Shanghai,Beijing,18245
1417,Shanghai,Xinjiang,4723
1419,Shanghai,Guangxi,2046
1420,Shanghai,Liaoning,3596
1421,Shanghai,Guizhou,1940
1441,Shanxi,Tibet,699
1442,Shanxi,Shaanxi,67064
1443,Shanxi,Heilongjiang,6862
1444,Shanxi,Inner Mongolia,156745
1445,Shanxi,Jiangsu,50963
1446,Shanxi,Xinjiang,15123
1447,Shanxi,Guangxi,6042
1448,Shanxi,Guangdong,54709
1449,Shanxi,Tianjin,101485
1450,Shanxi,Chongqing,7517
1451,Shanxi,Yunnan,6122
1452,Shanxi,Sichuan,14826
1453,Shanxi,Zhejiang,25344
1455,Shanxi,Qinghai,5142
1456,Shanxi,Hainan,4758
1457,Shanxi,Beijing,268506
1458,Shanxi,Jiangxi,12391
1459,Shanxi,Hubei,15543
1460,Shanxi,Shandong,54008
1463,Shanxi,Hebei,57965
1465,Shanxi,Hunan,10012
1468,Shanxi,Liaoning,16797
1469,Shanxi,Jilin,5745
1473,Shanxi,Fujian,10351
1475,Shanxi,Henan,36250
1477,Shanxi,Ningxia,7016
1478,Shanxi,Guizhou,3658
1486,Shanxi,Shanghai,45048
1487,Shanxi,Anhui,8816
1500,Shanxi,Gansu,7784
1501,Sichuan,Shaanxi,116578
1502,Sichuan,Fujian,822445
1503,Sichuan,Jiangsu,650575
1505,Sichuan,Hainan,76099
1506,Sichuan,Xinjiang,350909
1507,Sichuan,Zhejiang,1240580
1508,Sichuan,Heilongjiang,12873
1509,Sichuan,Ningxia,21827
1510,Sichuan,Henan,39356
1512,Sichuan,Chongqing,507990
1513,Sichuan,Inner Mongolia,86557
1515,Sichuan,Liaoning,68727
1516,Sichuan,Shanghai,624465
1517,Sichuan,Hunan,50755
1520,Sichuan,Qinghai,44499
1521,Sichuan,Hubei,74040
1524,Sichuan,Jiangxi,34524
1525,Sichuan,Shanxi,79274
1526,Sichuan,Anhui,43819
1529,Sichuan,Beijing,325313
1530,Sichuan,Yunnan,345329
1532,Sichuan,Tianjin,108996
1533,Sichuan,Shandong,85919
1537,Sichuan,Guangxi,56086
1538,Sichuan,Tibet,83903
1541,Sichuan,Guizhou,209254
1544,Sichuan,Hebei,83144
1545,Sichuan,Guangdong,2602276
1548,Sichuan,Jilin,14570
1549,Sichuan,Gansu,44446
1561,Tianjin,Guangxi,2620
1562,Tianjin,Jiangxi,2427
1563,Tianjin,Shanxi,5671
1564,Tianjin,Chongqing,2080
1566,Tianjin,Guizhou,913
1568,Tianjin,Hainan,1838
1569,Tianjin,Liaoning,8384
1570,Tianjin,Xinjiang,1966
1571,Tianjin,Qinghai,559
1572,Tianjin,Tibet,81
1574,Tianjin,Fujian,3373
1575,Tianjin,Gansu,2524
1576,Tianjin,Sichuan,4102
1577,Tianjin,Jilin,3691
1578,Tianjin,Guangdong,11606
1579,Tianjin,Anhui,2810
1580,Tianjin,Jiangsu,8785
1582,Tianjin,Beijing,83050
1584,Tianjin,Inner Mongolia,6804
1585,Tianjin,Heilongjiang,5235
1586,Tianjin,Hunan,2725
1587,Tianjin,Shandong,12762
1590,Tianjin,Yunnan,2062
1591,Tianjin,Ningxia,759
1596,Tianjin,Henan,4674
1597,Tianjin,Hubei,4289
1599,Tianjin,Shanghai,12768
1603,Tianjin,Shaanxi,3962
1612,Tianjin,Zhejiang,5595
1616,Tianjin,Hebei,65019
1621,Tibet,Sichuan,19373
1622,Tibet,Tianjin,1181
1623,Tibet,Guangdong,1228
1624,Tibet,Henan,1309
1625,Tibet,Yunnan,869
1626,Tibet,Jilin,228
1628,Tibet,Anhui,715
1629,Tibet,Fujian,62
1630,Tibet,Shanxi,211
1631,Tibet,Shaanxi,6177
1633,Tibet,Inner Mongolia,178
1634,Tibet,Guangxi,NA
1635,Tibet,Chongqing,3335
1636,Tibet,Hainan,83
1638,Tibet,Hubei,1280
1639,Tibet,Ningxia,137
1641,Tibet,Hunan,821
1643,Tibet,Xinjiang,302
1646,Tibet,Shanghai,1136
1647,Tibet,Jiangxi,524
1648,Tibet,Liaoning,922
1650,Tibet,Gansu,2522
1651,Tibet,Qinghai,4853
1652,Tibet,Guizhou,371
1654,Tibet,Shandong,1099
1660,Tibet,Zhejiang,1084
1662,Tibet,Heilongjiang,194
1665,Tibet,Beijing,1499
1668,Tibet,Jiangsu,1837
1670,Tibet,Hebei,862
1681,Xinjiang,Ningxia,2329
1682,Xinjiang,Henan,8432
1683,Xinjiang,Jiangxi,3194
1684,Xinjiang,Hubei,9407
1686,Xinjiang,Qinghai,1941
1688,Xinjiang,Chongqing,13364
1689,Xinjiang,Shanxi,1893
1690,Xinjiang,Anhui,3089
1691,Xinjiang,Jiangsu,21435
1692,Xinjiang,Inner Mongolia,2750
1693,Xinjiang,Shandong,23588
1694,Xinjiang,Shanghai,28803
1695,Xinjiang,Sichuan,24074
1696,Xinjiang,Hebei,6600
1697,Xinjiang,Heilongjiang,1566
1698,Xinjiang,Guangxi,3416
1700,Xinjiang,Tibet,605
1702,Xinjiang,Guizhou,1284
1706,Xinjiang,Hainan,3778
1707,Xinjiang,Guangdong,26122
1709,Xinjiang,Hunan,6089
1711,Xinjiang,Fujian,4821
1713,Xinjiang,Liaoning,4467
1719,Xinjiang,Shaanxi,15648
1720,Xinjiang,Tianjin,9789
1723,Xinjiang,Beijing,35852
1724,Xinjiang,Jilin,2149
1729,Xinjiang,Zhejiang,14860
1731,Xinjiang,Gansu,12151
1734,Xinjiang,Yunnan,3765
1741,Yunnan,Hainan,10001
1742,Yunnan,Hebei,14957
1743,Yunnan,Jilin,2404
1744,Yunnan,Beijing,27578
1745,Yunnan,Shanghai,69992
1746,Yunnan,Hubei,16514
1747,Yunnan,Guangdong,322351
1748,Yunnan,Gansu,3463
1749,Yunnan,Anhui,28538
1750,Yunnan,Sichuan,91264
1753,Yunnan,Shandong,44471
1754,Yunnan,Inner Mongolia,7283
1755,Yunnan,Guizhou,40379
1756,Yunnan,Hunan,20801
1758,Yunnan,Tianjin,11201
1759,Yunnan,Fujian,98241
1760,Yunnan,Chongqing,31326
1761,Yunnan,Shaanxi,7117
1762,Yunnan,Jiangxi,10679
1763,Yunnan,Ningxia,1416
1764,Yunnan,Jiangsu,141091
1765,Yunnan,Qinghai,2087
1767,Yunnan,Heilongjiang,2628
1770,Yunnan,Tibet,3780
1771,Yunnan,Xinjiang,9814
1774,Yunnan,Liaoning,5540
1775,Yunnan,Guangxi,24899
1778,Yunnan,Henan,8826
1791,Yunnan,Shanxi,12713
1793,Yunnan,Zhejiang,411088
1801,Zhejiang,Shanxi,26610
1802,Zhejiang,Yunnan,46172
1803,Zhejiang,Shaanxi,34526
1804,Zhejiang,Ningxia,10050
1805,Zhejiang,Qinghai,9530
1806,Zhejiang,Guangdong,155697
1807,Zhejiang,Inner Mongolia,22885
1809,Zhejiang,Jiangsu,268489
1810,Zhejiang,Fujian,69114
1812,Zhejiang,Guangxi,35617
1813,Zhejiang,Liaoning,30288
1814,Zhejiang,Guizhou,31884
1815,Zhejiang,Anhui,61431
1817,Zhejiang,Hainan,12309
1819,Zhejiang,Shanghai,450506
1820,Zhejiang,Tianjin,43254
1821,Zhejiang,Chongqing,24947
1822,Zhejiang,Sichuan,48723
1824,Zhejiang,Jilin,13593
1826,Zhejiang,Tibet,2085
1831,Zhejiang,Jiangxi,47102
1833,Zhejiang,Hubei,56718
1835,Zhejiang,Hunan,33618
1837,Zhejiang,Shandong,61734
1838,Zhejiang,Heilongjiang,12339
1839,Zhejiang,Henan,33679
1841,Zhejiang,Hebei,32221
1846,Zhejiang,Beijing,126071
1847,Zhejiang,Xinjiang,29981
1856,Zhejiang,Gansu,22767
